INSERT INTO BOOKS (ID, TITLE) VALUES (1, 'Lord of the rings');
INSERT INTO BOOKS (ID, TITLE) VALUES (2, 'Crime and Punishment');
INSERT INTO BOOKS (ID, TITLE) VALUES (3, 'War and Peace');
INSERT INTO BOOKS (ID, TITLE) VALUES (4, 'Anna Karenina');
INSERT INTO BOOKS (ID, TITLE) VALUES (5, 'Golden calf');

INSERT INTO AUTHORS(ID, NAME) VALUES (1, 'John Ronald Reuel Tolkien');
INSERT INTO AUTHORS(ID, NAME) VALUES (2, 'Fyodor Mikhailovich Dostoevsky');
INSERT INTO AUTHORS(ID, NAME) VALUES (3, 'Leo Tolstoy');
INSERT INTO AUTHORS(ID, NAME) VALUES (4, 'Ilia Ilf');
INSERT INTO AUTHORS(ID, NAME) VALUES (5, 'Eugene Petrov');

INSERT INTO BOOKS_AUTHORS(BOOK_ID, AUTHOR_ID) VALUES (1, 1);
INSERT INTO BOOKS_AUTHORS(BOOK_ID, AUTHOR_ID) VALUES (2, 2);
INSERT INTO BOOKS_AUTHORS(BOOK_ID, AUTHOR_ID) VALUES (3, 3);
INSERT INTO BOOKS_AUTHORS(BOOK_ID, AUTHOR_ID) VALUES (4, 3);
INSERT INTO BOOKS_AUTHORS(BOOK_ID, AUTHOR_ID) VALUES (5, 4);
INSERT INTO BOOKS_AUTHORS(BOOK_ID, AUTHOR_ID) VALUES (5, 5);

INSERT INTO GENRES (ID, NAME) VALUES (1, 'Fantasy');
INSERT INTO GENRES (ID, NAME) VALUES (2, 'Adventure');
INSERT INTO GENRES (ID, NAME) VALUES (3, 'Detective');
INSERT INTO GENRES (ID, NAME) VALUES (4, 'Novel');
INSERT INTO GENRES (ID, NAME) VALUES (5, 'Drama');

INSERT INTO BOOKS_GENRES(BOOK_ID, GENRE_ID) VALUES (1, 1);
INSERT INTO BOOKS_GENRES(BOOK_ID, GENRE_ID) VALUES (1, 2);
INSERT INTO BOOKS_GENRES(BOOK_ID, GENRE_ID) VALUES (2, 3);
INSERT INTO BOOKS_GENRES(BOOK_ID, GENRE_ID) VALUES (2, 5);
INSERT INTO BOOKS_GENRES(BOOK_ID, GENRE_ID) VALUES (3, 4);
INSERT INTO BOOKS_GENRES(BOOK_ID, GENRE_ID) VALUES (4, 4);
INSERT INTO BOOKS_GENRES(BOOK_ID, GENRE_ID) VALUES (4, 5);
INSERT INTO BOOKS_GENRES(BOOK_ID, GENRE_ID) VALUES (5, 4);
INSERT INTO BOOKS_GENRES(BOOK_ID, GENRE_ID) VALUES (5, 2);
